COMMERCIALcastle_mesh0365,train
COMMERCIALcastle_mesh0904,train
COMMERCIALcastle_mesh2985,train
COMMERCIALfactory_mesh1454,train
COMMERCIALhotel_building_mesh0075,train
COMMERCIALhotel_building_mesh0130,train
COMMERCIALhotel_building_mesh0139,train
COMMERCIALhotel_building_mesh0215,train
COMMERCIALhotel_building_mesh0295,train
COMMERCIALhotel_building_mesh0520,train
COMMERCIALhotel_building_mesh1154,train
COMMERCIALhouse_mesh0798,train
COMMERCIALhouse_mesh6281,train
COMMERCIALhouse_mesh6570,train
COMMERCIALhouse_mesh6823,train
COMMERCIALhouse_mesh7536,train
COMMERCIALhouse_mesh7736,train
COMMERCIALmuseum_mesh0079,train
COMMERCIALmuseum_mesh2219,train
COMMERCIALoffice_building_mesh0028,train
COMMERCIALoffice_building_mesh0038,train
COMMERCIALoffice_building_mesh0057,train
COMMERCIALoffice_building_mesh0126,train
COMMERCIALoffice_building_mesh0234,train
COMMERCIALoffice_building_mesh0246,train
COMMERCIALoffice_building_mesh0274,train
COMMERCIALoffice_building_mesh0394,train
COMMERCIALoffice_building_mesh0604,train
COMMERCIALoffice_building_mesh0843,train
COMMERCIALoffice_building_mesh0853,train
COMMERCIALoffice_building_mesh0884,train
COMMERCIALoffice_building_mesh0978,train
COMMERCIALoffice_building_mesh1259,train
COMMERCIALoffice_building_mesh1322,train
COMMERCIALoffice_building_mesh1616,train
COMMERCIALoffice_building_mesh1767,train
COMMERCIALoffice_building_mesh1837,train
COMMERCIALoffice_building_mesh2060,train
COMMERCIALoffice_building_mesh2098,train
COMMERCIALoffice_building_mesh2206,train
COMMERCIALoffice_building_mesh2261,train
COMMERCIALoffice_building_mesh2383,train
COMMERCIALoffice_building_mesh2529,train
COMMERCIALoffice_building_mesh2982,train
COMMERCIALoffice_building_mesh3102,train
COMMERCIALoffice_building_mesh3109,train
COMMERCIALoffice_building_mesh3164,train
COMMERCIALoffice_building_mesh3616,train
COMMERCIALpalace_mesh0584,train
COMMERCIALpalace_mesh0662,train
COMMERCIALtemple_mesh0760,train
COMMERCIALvilla_mesh2315,train
COMMERCIALvilla_mesh2324,train
PUBLICcastle_mesh0120,train
PUBLICcity_hall_mesh0451,train
PUBLICfactory_mesh0802,train
PUBLIChotel_building_mesh0365,train
PUBLICmuseum_mesh0812,train
PUBLICoffice_building_mesh0223,train
PUBLICpalace_mesh0900,train
PUBLICpalace_mesh1165,train
PUBLICschool_building_mesh0034,train
PUBLICschool_building_mesh1289,train
PUBLICvilla_mesh3962,train
PUBLICvilla_mesh5783,train
RELIGIOUScastle_mesh0349,train
RELIGIOUScathedral_mesh0045,train
RELIGIOUScathedral_mesh0066,train
RELIGIOUScathedral_mesh0301,train
RELIGIOUScathedral_mesh0339,train
RELIGIOUScathedral_mesh0357,train
RELIGIOUScathedral_mesh0593,train
RELIGIOUScathedral_mesh0624,train
RELIGIOUScathedral_mesh0640,train
RELIGIOUScathedral_mesh0647,train
RELIGIOUScathedral_mesh0702,train
RELIGIOUScathedral_mesh0754,train
RELIGIOUScathedral_mesh0989,train
RELIGIOUSchurch_mesh0013,train
RELIGIOUSchurch_mesh0086,train
RELIGIOUSchurch_mesh0122,train
RELIGIOUSchurch_mesh0146,train
RELIGIOUSchurch_mesh0168,train
RELIGIOUSchurch_mesh0171,train
RELIGIOUSchurch_mesh0180,train
RELIGIOUSchurch_mesh0187,train
RELIGIOUSchurch_mesh0226,train
RELIGIOUSchurch_mesh0229,train
RELIGIOUSchurch_mesh0252,train
RELIGIOUSchurch_mesh0259,train
RELIGIOUSchurch_mesh0280,train
RELIGIOUSchurch_mesh0335,train
RELIGIOUSchurch_mesh0339,train
RELIGIOUSchurch_mesh0376,train
RELIGIOUSchurch_mesh0411,train
RELIGIOUSchurch_mesh0423,train
RELIGIOUSchurch_mesh0427,train
RELIGIOUSchurch_mesh0446,train
RELIGIOUSchurch_mesh0475,train
RELIGIOUSchurch_mesh0486,train
RELIGIOUSchurch_mesh0491,train
RELIGIOUSchurch_mesh0524,train
RELIGIOUSchurch_mesh0536,train
RELIGIOUSchurch_mesh0568,train
RELIGIOUSchurch_mesh0572,train
RELIGIOUSchurch_mesh0611,train
RELIGIOUSchurch_mesh0612,train
RELIGIOUSchurch_mesh0623,train
RELIGIOUSchurch_mesh0671,train
RELIGIOUSchurch_mesh0681,train
RELIGIOUSchurch_mesh0684,train
RELIGIOUSchurch_mesh0696,train
RELIGIOUSchurch_mesh0730,train
RELIGIOUSchurch_mesh0748,train
RELIGIOUSchurch_mesh0774,train
RELIGIOUSchurch_mesh0778,train
RELIGIOUSchurch_mesh0791,train
RELIGIOUSchurch_mesh0799,train
RELIGIOUSchurch_mesh0892,train
RELIGIOUSchurch_mesh0940,train
RELIGIOUSchurch_mesh0978,train
RELIGIOUSchurch_mesh0993,train
RELIGIOUSchurch_mesh1005,train
RELIGIOUSchurch_mesh1020,train
RELIGIOUSchurch_mesh1072,train
RELIGIOUSchurch_mesh1096,train
RELIGIOUSchurch_mesh1114,train
RELIGIOUSchurch_mesh1192,train
RELIGIOUSchurch_mesh1196,train
RELIGIOUSchurch_mesh1271,train
RELIGIOUSchurch_mesh1333,train
RELIGIOUSchurch_mesh1345,train
RELIGIOUSchurch_mesh1347,train
RELIGIOUSchurch_mesh1365,train
RELIGIOUSchurch_mesh1379,train
RELIGIOUSchurch_mesh1381,train
RELIGIOUSchurch_mesh1421,train
RELIGIOUSchurch_mesh1436,train
RELIGIOUSchurch_mesh1469,train
RELIGIOUSchurch_mesh1516,train
RELIGIOUSchurch_mesh1627,train
RELIGIOUSchurch_mesh1658,train
RELIGIOUSchurch_mesh1681,train
RELIGIOUSchurch_mesh1685,train
RELIGIOUSchurch_mesh1686,train
RELIGIOUSchurch_mesh1692,train
RELIGIOUSchurch_mesh1701,train
RELIGIOUSchurch_mesh1707,train
RELIGIOUSchurch_mesh1725,train
RELIGIOUSchurch_mesh1757,train
RELIGIOUSchurch_mesh1759,train
RELIGIOUSchurch_mesh1818,train
RELIGIOUSchurch_mesh1919,train
RELIGIOUSchurch_mesh2070,train
RELIGIOUSchurch_mesh2243,train
RELIGIOUSchurch_mesh2251,train
RELIGIOUSchurch_mesh2322,train
RELIGIOUSchurch_mesh2415,train
RELIGIOUSchurch_mesh2430,train
RELIGIOUSchurch_mesh2485,train
RELIGIOUSchurch_mesh2497,train
RELIGIOUSchurch_mesh2516,train
RELIGIOUSchurch_mesh2533,train
RELIGIOUSchurch_mesh2550,train
RELIGIOUSchurch_mesh2577,train
RELIGIOUSchurch_mesh2617,train
RELIGIOUSchurch_mesh2696,train
RELIGIOUSchurch_mesh2707,train
RELIGIOUSchurch_mesh2844,train
RELIGIOUSchurch_mesh2926,train
RELIGIOUSchurch_mesh2941,train
RELIGIOUSchurch_mesh2993,train
RELIGIOUSchurch_mesh3001,train
RELIGIOUSchurch_mesh3016,train
RELIGIOUSchurch_mesh3049,train
RELIGIOUSchurch_mesh3131,train
RELIGIOUScity_hall_mesh0188,train
RELIGIOUScity_hall_mesh0268,train
RELIGIOUScity_hall_mesh0443,train
RELIGIOUShotel_building_mesh0335,train
RELIGIOUShouse_mesh4068,train
RELIGIOUShouse_mesh5630,train
RELIGIOUSmonastery_mesh0244,train
RELIGIOUSmosque_mesh0016,train
RELIGIOUSmosque_mesh0067,train
RELIGIOUSmosque_mesh0087,train
RELIGIOUSmosque_mesh0089,train
RELIGIOUSmosque_mesh0098,train
RELIGIOUSmosque_mesh0158,train
RELIGIOUSmosque_mesh0187,train
RELIGIOUSmosque_mesh0201,train
RELIGIOUSmosque_mesh0262,train
RELIGIOUSmosque_mesh0279,train
RELIGIOUSmosque_mesh0286,train
RELIGIOUSmosque_mesh0341,train
RELIGIOUSmosque_mesh0400,train
RELIGIOUSmosque_mesh0405,train
RELIGIOUSmosque_mesh0426,train
RELIGIOUSmosque_mesh0483,train
RELIGIOUSmosque_mesh0508,train
RELIGIOUSmosque_mesh0581,train
RELIGIOUSmosque_mesh0606,train
RELIGIOUSmosque_mesh0639,train
RELIGIOUSmosque_mesh0659,train
RELIGIOUSmosque_mesh0665,train
RELIGIOUSmosque_mesh0687,train
RELIGIOUSmosque_mesh0714,train
RELIGIOUSmosque_mesh0734,train
RELIGIOUSmosque_mesh0735,train
RELIGIOUSmosque_mesh0749,train
RELIGIOUSmosque_mesh0750,train
RELIGIOUSmosque_mesh0789,train
RELIGIOUSmosque_mesh0819,train
RELIGIOUSmosque_mesh0823,train
RELIGIOUSmuseum_mesh1645,train
RELIGIOUSmuseum_mesh2444,train
RELIGIOUSoffice_building_mesh1049,train
RELIGIOUSoffice_building_mesh1193,train
RELIGIOUSpalace_mesh0215,train
RELIGIOUSpalace_mesh0337,train
RELIGIOUSpalace_mesh0657,train
RELIGIOUSpalace_mesh0986,train
RELIGIOUSpalace_mesh1154,train
RELIGIOUSpalace_mesh1447,train
RELIGIOUSschool_building_mesh0233,train
RELIGIOUSschool_building_mesh0454,train
RELIGIOUSschool_building_mesh0773,train
RELIGIOUSschool_building_mesh0880,train
RELIGIOUStemple_mesh0026,train
RELIGIOUStemple_mesh0162,train
RELIGIOUStemple_mesh0245,train
RELIGIOUStemple_mesh0287,train
RELIGIOUStemple_mesh0396,train
RELIGIOUStemple_mesh0399,train
RELIGIOUStemple_mesh0823,train
RELIGIOUStemple_mesh1096,train
RELIGIOUStemple_mesh1192,train
RELIGIOUStemple_mesh1314,train
RELIGIOUStemple_mesh1519,train
RELIGIOUStemple_mesh1847,train
RELIGIOUStemple_mesh1885,train
RELIGIOUStemple_mesh1913,train
RELIGIOUStemple_mesh1935,train
RELIGIOUStemple_mesh1956,train
RELIGIOUStemple_mesh1993,train
RELIGIOUSvilla_mesh1437,train
RESIDENTIALcastle_mesh2168,train
RESIDENTIALcastle_mesh2926,train
RESIDENTIALcastle_mesh2942,train
RESIDENTIALcastle_mesh3050,train
RESIDENTIALcastle_mesh3238,train
RESIDENTIALcathedral_mesh0781,train
RESIDENTIALcathedral_mesh0850,train
RESIDENTIALcathedral_mesh0909,train
RESIDENTIALchurch_mesh0145,train
RESIDENTIALchurch_mesh1968,train
RESIDENTIALchurch_mesh2161,train
RESIDENTIALchurch_mesh2988,train
RESIDENTIALcity_hall_mesh0361,train
RESIDENTIALcity_hall_mesh0421,train
RESIDENTIALfactory_mesh0358,train
RESIDENTIALfactory_mesh0789,train
RESIDENTIALfactory_mesh1231,train
RESIDENTIALhotel_building_mesh0502,train
RESIDENTIALhotel_building_mesh0580,train
RESIDENTIALhotel_building_mesh0607,train
RESIDENTIALhotel_building_mesh0638,train
RESIDENTIALhotel_building_mesh1212,train
RESIDENTIALhouse_mesh0059,train
RESIDENTIALhouse_mesh0060,train
RESIDENTIALhouse_mesh0063,train
RESIDENTIALhouse_mesh0067,train
RESIDENTIALhouse_mesh0074,train
RESIDENTIALhouse_mesh0077,train
RESIDENTIALhouse_mesh0086,train
RESIDENTIALhouse_mesh0095,train
RESIDENTIALhouse_mesh0096,train
RESIDENTIALhouse_mesh0100,train
RESIDENTIALhouse_mesh0109,train
RESIDENTIALhouse_mesh0139,train
RESIDENTIALhouse_mesh0166,train
RESIDENTIALhouse_mesh0172,train
RESIDENTIALhouse_mesh0185,train
RESIDENTIALhouse_mesh0230,train
RESIDENTIALhouse_mesh0244,train
RESIDENTIALhouse_mesh0289,train
RESIDENTIALhouse_mesh0322,train
RESIDENTIALhouse_mesh0348,train
RESIDENTIALhouse_mesh0354,train
RESIDENTIALhouse_mesh0358,train
RESIDENTIALhouse_mesh0375,train
RESIDENTIALhouse_mesh0379,train
RESIDENTIALhouse_mesh0386,train
RESIDENTIALhouse_mesh0391,train
RESIDENTIALhouse_mesh0394,train
RESIDENTIALhouse_mesh0402,train
RESIDENTIALhouse_mesh0422,train
RESIDENTIALhouse_mesh0435,train
RESIDENTIALhouse_mesh0452,train
RESIDENTIALhouse_mesh0456,train
RESIDENTIALhouse_mesh0458,train
RESIDENTIALhouse_mesh0467,train
RESIDENTIALhouse_mesh0471,train
RESIDENTIALhouse_mesh0476,train
RESIDENTIALhouse_mesh0477,train
RESIDENTIALhouse_mesh0498,train
RESIDENTIALhouse_mesh0516,train
RESIDENTIALhouse_mesh4190,train
RESIDENTIALhouse_mesh4195,train
RESIDENTIALhouse_mesh4208,train
RESIDENTIALhouse_mesh4230,train
RESIDENTIALhouse_mesh4234,train
RESIDENTIALhouse_mesh4255,train
RESIDENTIALhouse_mesh4264,train
RESIDENTIALhouse_mesh4271,train
RESIDENTIALhouse_mesh4278,train
RESIDENTIALhouse_mesh4280,train
RESIDENTIALhouse_mesh4286,train
RESIDENTIALhouse_mesh4298,train
RESIDENTIALhouse_mesh4303,train
RESIDENTIALhouse_mesh4311,train
RESIDENTIALhouse_mesh4333,train
RESIDENTIALhouse_mesh4349,train
RESIDENTIALhouse_mesh4356,train
RESIDENTIALhouse_mesh4362,train
RESIDENTIALhouse_mesh4406,train
RESIDENTIALhouse_mesh4413,train
RESIDENTIALhouse_mesh4435,train
RESIDENTIALhouse_mesh4492,train
RESIDENTIALhouse_mesh4548,train
RESIDENTIALhouse_mesh4551,train
RESIDENTIALhouse_mesh4553,train
RESIDENTIALhouse_mesh4565,train
RESIDENTIALhouse_mesh4572,train
RESIDENTIALhouse_mesh4578,train
RESIDENTIALhouse_mesh4580,train
RESIDENTIALhouse_mesh4614,train
RESIDENTIALhouse_mesh4668,train
RESIDENTIALhouse_mesh4690,train
RESIDENTIALhouse_mesh4691,train
RESIDENTIALhouse_mesh4709,train
RESIDENTIALhouse_mesh4713,train
RESIDENTIALhouse_mesh4717,train
RESIDENTIALhouse_mesh4728,train
RESIDENTIALhouse_mesh4729,train
RESIDENTIALhouse_mesh4752,train
RESIDENTIALhouse_mesh4755,train
RESIDENTIALhouse_mesh4765,train
RESIDENTIALhouse_mesh4776,train
RESIDENTIALhouse_mesh4810,train
RESIDENTIALhouse_mesh4811,train
RESIDENTIALhouse_mesh4815,train
RESIDENTIALhouse_mesh4844,train
RESIDENTIALhouse_mesh4850,train
RESIDENTIALhouse_mesh4858,train
RESIDENTIALhouse_mesh4870,train
RESIDENTIALhouse_mesh4885,train
RESIDENTIALhouse_mesh4893,train
RESIDENTIALhouse_mesh4901,train
RESIDENTIALhouse_mesh4905,train
RESIDENTIALhouse_mesh4931,train
RESIDENTIALhouse_mesh4958,train
RESIDENTIALhouse_mesh4972,train
RESIDENTIALhouse_mesh5009,train
RESIDENTIALhouse_mesh5041,train
RESIDENTIALhouse_mesh5049,train
RESIDENTIALhouse_mesh5054,train
RESIDENTIALhouse_mesh5058,train
RESIDENTIALhouse_mesh5068,train
RESIDENTIALhouse_mesh5069,train
RESIDENTIALhouse_mesh5076,train
RESIDENTIALhouse_mesh5100,train
RESIDENTIALhouse_mesh5103,train
RESIDENTIALhouse_mesh5145,train
RESIDENTIALhouse_mesh5165,train
RESIDENTIALhouse_mesh5170,train
RESIDENTIALhouse_mesh5173,train
RESIDENTIALhouse_mesh5184,train
RESIDENTIALhouse_mesh5203,train
RESIDENTIALhouse_mesh5211,train
RESIDENTIALhouse_mesh5224,train
RESIDENTIALhouse_mesh5231,train
RESIDENTIALhouse_mesh5254,train
RESIDENTIALhouse_mesh5257,train
RESIDENTIALhouse_mesh5258,train
RESIDENTIALhouse_mesh5265,train
RESIDENTIALhouse_mesh5275,train
RESIDENTIALhouse_mesh5311,train
RESIDENTIALhouse_mesh5315,train
RESIDENTIALhouse_mesh5318,train
RESIDENTIALhouse_mesh5340,train
RESIDENTIALhouse_mesh5360,train
RESIDENTIALhouse_mesh5387,train
RESIDENTIALhouse_mesh5388,train
RESIDENTIALhouse_mesh5394,train
RESIDENTIALhouse_mesh5411,train
RESIDENTIALhouse_mesh5436,train
RESIDENTIALhouse_mesh5438,train
RESIDENTIALhouse_mesh5454,train
RESIDENTIALhouse_mesh5479,train
RESIDENTIALhouse_mesh5503,train
RESIDENTIALhouse_mesh5557,train
RESIDENTIALhouse_mesh5560,train
RESIDENTIALhouse_mesh5582,train
RESIDENTIALhouse_mesh5640,train
RESIDENTIALhouse_mesh5662,train
RESIDENTIALhouse_mesh5678,train
RESIDENTIALhouse_mesh5686,train
RESIDENTIALhouse_mesh5687,train
RESIDENTIALhouse_mesh5696,train
RESIDENTIALhouse_mesh5740,train
RESIDENTIALhouse_mesh5742,train
RESIDENTIALhouse_mesh5772,train
RESIDENTIALhouse_mesh5779,train
RESIDENTIALhouse_mesh5792,train
RESIDENTIALhouse_mesh5793,train
RESIDENTIALhouse_mesh5796,train
RESIDENTIALhouse_mesh5798,train
RESIDENTIALhouse_mesh5801,train
RESIDENTIALhouse_mesh5819,train
RESIDENTIALhouse_mesh5826,train
RESIDENTIALhouse_mesh5951,train
RESIDENTIALhouse_mesh5955,train
RESIDENTIALhouse_mesh5957,train
RESIDENTIALhouse_mesh5963,train
RESIDENTIALhouse_mesh6006,train
RESIDENTIALhouse_mesh6035,train
RESIDENTIALhouse_mesh6036,train
RESIDENTIALhouse_mesh6051,train
RESIDENTIALhouse_mesh6081,train
RESIDENTIALhouse_mesh6091,train
RESIDENTIALhouse_mesh6095,train
RESIDENTIALhouse_mesh6099,train
RESIDENTIALhouse_mesh6114,train
RESIDENTIALhouse_mesh6120,train
RESIDENTIALhouse_mesh6122,train
RESIDENTIALhouse_mesh6129,train
RESIDENTIALhouse_mesh6140,train
RESIDENTIALhouse_mesh6149,train
RESIDENTIALhouse_mesh6183,train
RESIDENTIALhouse_mesh6207,train
RESIDENTIALhouse_mesh6210,train
RESIDENTIALhouse_mesh6280,train
RESIDENTIALhouse_mesh6304,train
RESIDENTIALhouse_mesh6337,train
RESIDENTIALhouse_mesh6341,train
RESIDENTIALhouse_mesh6385,train
RESIDENTIALhouse_mesh6400,train
RESIDENTIALhouse_mesh6414,train
RESIDENTIALhouse_mesh6415,train
RESIDENTIALhouse_mesh6424,train
RESIDENTIALhouse_mesh6450,train
RESIDENTIALhouse_mesh6505,train
RESIDENTIALhouse_mesh6519,train
RESIDENTIALhouse_mesh6521,train
RESIDENTIALhouse_mesh6525,train
RESIDENTIALhouse_mesh6537,train
RESIDENTIALhouse_mesh6551,train
RESIDENTIALhouse_mesh6555,train
RESIDENTIALhouse_mesh6561,train
RESIDENTIALhouse_mesh6597,train
RESIDENTIALhouse_mesh6610,train
RESIDENTIALhouse_mesh6614,train
RESIDENTIALhouse_mesh6619,train
RESIDENTIALhouse_mesh6622,train
RESIDENTIALhouse_mesh6639,train
RESIDENTIALhouse_mesh6668,train
RESIDENTIALhouse_mesh6671,train
RESIDENTIALhouse_mesh6677,train
RESIDENTIALhouse_mesh6689,train
RESIDENTIALhouse_mesh6700,train
RESIDENTIALhouse_mesh6733,train
RESIDENTIALhouse_mesh6742,train
RESIDENTIALhouse_mesh6751,train
RESIDENTIALhouse_mesh6762,train
RESIDENTIALhouse_mesh6775,train
RESIDENTIALhouse_mesh6798,train
RESIDENTIALhouse_mesh6803,train
RESIDENTIALhouse_mesh6816,train
RESIDENTIALhouse_mesh6832,train
RESIDENTIALhouse_mesh6837,train
RESIDENTIALhouse_mesh6840,train
RESIDENTIALhouse_mesh6883,train
RESIDENTIALhouse_mesh6891,train
RESIDENTIALhouse_mesh6897,train
RESIDENTIALhouse_mesh6908,train
RESIDENTIALhouse_mesh6939,train
RESIDENTIALhouse_mesh6948,train
RESIDENTIALhouse_mesh6960,train
RESIDENTIALhouse_mesh6995,train
RESIDENTIALhouse_mesh6999,train
RESIDENTIALhouse_mesh7024,train
RESIDENTIALhouse_mesh7032,train
RESIDENTIALhouse_mesh7037,train
RESIDENTIALhouse_mesh7074,train
RESIDENTIALhouse_mesh7091,train
RESIDENTIALhouse_mesh7097,train
RESIDENTIALhouse_mesh7146,train
RESIDENTIALhouse_mesh7166,train
RESIDENTIALhouse_mesh7187,train
RESIDENTIALhouse_mesh7199,train
RESIDENTIALhouse_mesh7205,train
RESIDENTIALhouse_mesh7218,train
RESIDENTIALhouse_mesh7219,train
RESIDENTIALhouse_mesh7222,train
RESIDENTIALhouse_mesh7233,train
RESIDENTIALhouse_mesh7234,train
RESIDENTIALhouse_mesh7278,train
RESIDENTIALhouse_mesh7286,train
RESIDENTIALhouse_mesh7297,train
RESIDENTIALhouse_mesh7336,train
RESIDENTIALhouse_mesh7369,train
RESIDENTIALhouse_mesh7377,train
RESIDENTIALhouse_mesh7395,train
RESIDENTIALhouse_mesh7426,train
RESIDENTIALhouse_mesh7439,train
RESIDENTIALhouse_mesh7447,train
RESIDENTIALhouse_mesh7465,train
RESIDENTIALhouse_mesh7470,train
RESIDENTIALhouse_mesh7474,train
RESIDENTIALhouse_mesh7477,train
RESIDENTIALhouse_mesh7485,train
RESIDENTIALhouse_mesh7487,train
RESIDENTIALhouse_mesh7489,train
RESIDENTIALhouse_mesh7499,train
RESIDENTIALhouse_mesh7537,train
RESIDENTIALhouse_mesh7553,train
RESIDENTIALhouse_mesh7555,train
RESIDENTIALhouse_mesh7568,train
RESIDENTIALhouse_mesh7571,train
RESIDENTIALhouse_mesh7583,train
RESIDENTIALhouse_mesh7595,train
RESIDENTIALhouse_mesh7622,train
RESIDENTIALhouse_mesh7637,train
RESIDENTIALhouse_mesh7641,train
RESIDENTIALhouse_mesh7686,train
RESIDENTIALhouse_mesh7780,train
RESIDENTIALhouse_mesh7783,train
RESIDENTIALhouse_mesh7790,train
RESIDENTIALhouse_mesh7793,train
RESIDENTIALhouse_mesh7796,train
RESIDENTIALhouse_mesh7799,train
RESIDENTIALhouse_mesh7806,train
RESIDENTIALhouse_mesh7862,train
RESIDENTIALhouse_mesh7882,train
RESIDENTIALhouse_mesh7901,train
RESIDENTIALhouse_mesh7907,train
RESIDENTIALhouse_mesh7919,train
RESIDENTIALhouse_mesh7920,train
RESIDENTIALhouse_mesh7943,train
RESIDENTIALhouse_mesh7965,train
RESIDENTIALhouse_mesh8023,train
RESIDENTIALhouse_mesh8086,train
RESIDENTIALhouse_mesh8097,train
RESIDENTIALhouse_mesh8115,train
RESIDENTIALhouse_mesh8131,train
RESIDENTIALhouse_mesh8132,train
RESIDENTIALhouse_mesh8147,train
RESIDENTIALhouse_mesh8149,train
RESIDENTIALhouse_mesh8157,train
RESIDENTIALhouse_mesh8169,train
RESIDENTIALhouse_mesh8192,train
RESIDENTIALhouse_mesh8215,train
RESIDENTIALhouse_mesh8221,train
RESIDENTIALhouse_mesh8226,train
RESIDENTIALhouse_mesh8240,train
RESIDENTIALhouse_mesh8262,train
RESIDENTIALhouse_mesh8280,train
RESIDENTIALhouse_mesh8290,train
RESIDENTIALhouse_mesh8294,train
RESIDENTIALhouse_mesh8304,train
RESIDENTIALhouse_mesh8326,train
RESIDENTIALhouse_mesh8372,train
RESIDENTIALhouse_mesh8375,train
RESIDENTIALhouse_mesh8406,train
RESIDENTIALhouse_mesh8430,train
RESIDENTIALhouse_mesh8433,train
RESIDENTIALhouse_mesh8435,train
RESIDENTIALhouse_mesh8439,train
RESIDENTIALhouse_mesh8452,train
RESIDENTIALhouse_mesh8494,train
RESIDENTIALhouse_mesh8520,train
RESIDENTIALhouse_mesh8525,train
RESIDENTIALhouse_mesh8528,train
RESIDENTIALhouse_mesh8547,train
RESIDENTIALhouse_mesh8596,train
RESIDENTIALhouse_mesh8602,train
RESIDENTIALhouse_mesh8607,train
RESIDENTIALhouse_mesh8612,train
RESIDENTIALhouse_mesh8644,train
RESIDENTIALhouse_mesh8649,train
RESIDENTIALhouse_mesh8696,train
RESIDENTIALhouse_mesh8708,train
RESIDENTIALhouse_mesh8726,train
RESIDENTIALhouse_mesh8732,train
RESIDENTIALhouse_mesh8733,train
RESIDENTIALhouse_mesh8738,train
RESIDENTIALhouse_mesh8806,train
RESIDENTIALhouse_mesh8812,train
RESIDENTIALhouse_mesh8823,train
RESIDENTIALhouse_mesh8832,train
RESIDENTIALhouse_mesh8882,train
RESIDENTIALhouse_mesh8886,train
RESIDENTIALhouse_mesh8894,train
RESIDENTIALhouse_mesh8895,train
RESIDENTIALhouse_mesh8917,train
RESIDENTIALhouse_mesh8918,train
RESIDENTIALhouse_mesh8951,train
RESIDENTIALhouse_mesh9001,train
RESIDENTIALhouse_mesh9002,train
RESIDENTIALhouse_mesh9022,train
RESIDENTIALhouse_mesh9023,train
RESIDENTIALhouse_mesh9071,train
RESIDENTIALhouse_mesh9098,train
RESIDENTIALhouse_mesh9102,train
RESIDENTIALhouse_mesh9127,train
RESIDENTIALhouse_mesh9138,train
RESIDENTIALhouse_mesh9145,train
RESIDENTIALhouse_mesh9153,train
RESIDENTIALhouse_mesh9170,train
RESIDENTIALhouse_mesh9176,train
RESIDENTIALhouse_mesh9188,train
RESIDENTIALhouse_mesh9196,train
RESIDENTIALhouse_mesh9227,train
RESIDENTIALhouse_mesh9233,train
RESIDENTIALhouse_mesh9278,train
RESIDENTIALhouse_mesh9298,train
RESIDENTIALhouse_mesh9307,train
RESIDENTIALhouse_mesh9313,train
RESIDENTIALvilla_mesh0908,train
RESIDENTIALvilla_mesh0923,train
RESIDENTIALvilla_mesh0978,train
RESIDENTIALvilla_mesh0983,train
RESIDENTIALvilla_mesh1002,train
RESIDENTIALvilla_mesh1009,train
RESIDENTIALvilla_mesh1013,train
RESIDENTIALvilla_mesh1023,train
RESIDENTIALvilla_mesh1035,train
RESIDENTIALvilla_mesh1050,train
RESIDENTIALvilla_mesh1056,train
RESIDENTIALvilla_mesh1061,train
RESIDENTIALvilla_mesh1089,train
RESIDENTIALvilla_mesh1167,train
RESIDENTIALvilla_mesh1230,train
RESIDENTIALvilla_mesh1258,train
RESIDENTIALvilla_mesh1261,train
RESIDENTIALvilla_mesh1277,train
RESIDENTIALvilla_mesh1290,train
RESIDENTIALvilla_mesh1310,train
RESIDENTIALvilla_mesh1326,train
RESIDENTIALvilla_mesh1345,train
RESIDENTIALvilla_mesh1362,train
RESIDENTIALvilla_mesh1398,train
RESIDENTIALvilla_mesh1410,train
RESIDENTIALvilla_mesh1457,train
RESIDENTIALvilla_mesh1458,train
RESIDENTIALvilla_mesh1499,train
RESIDENTIALvilla_mesh1526,train
RESIDENTIALvilla_mesh1552,train
RESIDENTIALvilla_mesh1583,train
RESIDENTIALvilla_mesh1609,train
RESIDENTIALvilla_mesh1614,train
RESIDENTIALvilla_mesh1617,train
RESIDENTIALvilla_mesh1626,train
RESIDENTIALvilla_mesh1634,train
RESIDENTIALvilla_mesh1642,train
RESIDENTIALvilla_mesh1674,train
RESIDENTIALvilla_mesh1699,train
RESIDENTIALvilla_mesh1739,train
RESIDENTIALvilla_mesh1764,train
RESIDENTIALvilla_mesh1794,train
RESIDENTIALvilla_mesh1795,train
RESIDENTIALvilla_mesh1796,train
RESIDENTIALvilla_mesh1946,train
RESIDENTIALvilla_mesh1969,train
RESIDENTIALvilla_mesh1981,train
RESIDENTIALvilla_mesh2039,train
RESIDENTIALvilla_mesh2077,train
RESIDENTIALvilla_mesh2079,train
RESIDENTIALvilla_mesh2082,train
RESIDENTIALvilla_mesh2102,train
RESIDENTIALvilla_mesh2165,train
RESIDENTIALvilla_mesh2225,train
RESIDENTIALvilla_mesh2302,train
RESIDENTIALvilla_mesh2379,train
RESIDENTIALvilla_mesh2384,train
RESIDENTIALvilla_mesh2394,train
RESIDENTIALvilla_mesh2432,train
RESIDENTIALvilla_mesh2451,train
RESIDENTIALvilla_mesh2463,train
RESIDENTIALvilla_mesh2471,train
RESIDENTIALvilla_mesh2480,train
RESIDENTIALvilla_mesh2484,train
RESIDENTIALvilla_mesh2485,train
RESIDENTIALvilla_mesh2493,train
RESIDENTIALvilla_mesh2517,train
RESIDENTIALvilla_mesh2537,train
RESIDENTIALvilla_mesh2583,train
RESIDENTIALvilla_mesh2591,train
RESIDENTIALvilla_mesh2615,train
RESIDENTIALvilla_mesh2639,train
RESIDENTIALvilla_mesh2690,train
RESIDENTIALvilla_mesh2725,train
RESIDENTIALvilla_mesh2735,train
RESIDENTIALvilla_mesh2736,train
RESIDENTIALvilla_mesh2750,train
RESIDENTIALvilla_mesh2775,train
RESIDENTIALvilla_mesh2778,train
RESIDENTIALvilla_mesh2801,train
RESIDENTIALvilla_mesh2816,train
RESIDENTIALvilla_mesh2826,train
RESIDENTIALvilla_mesh2832,train
RESIDENTIALvilla_mesh2855,train
RESIDENTIALvilla_mesh2875,train
RESIDENTIALvilla_mesh2881,train
RESIDENTIALvilla_mesh2900,train
RESIDENTIALvilla_mesh2972,train
RESIDENTIALvilla_mesh2979,train
RESIDENTIALvilla_mesh2996,train
RESIDENTIALvilla_mesh2997,train
RESIDENTIALvilla_mesh3025,train
RESIDENTIALvilla_mesh3045,train
RESIDENTIALvilla_mesh3082,train
RESIDENTIALvilla_mesh3101,train
RESIDENTIALvilla_mesh3108,train
RESIDENTIALvilla_mesh3119,train
RESIDENTIALvilla_mesh3161,train
RESIDENTIALvilla_mesh3171,train
RESIDENTIALvilla_mesh3193,train
RESIDENTIALvilla_mesh3222,train
RESIDENTIALvilla_mesh3236,train
RESIDENTIALvilla_mesh3265,train
RESIDENTIALvilla_mesh3275,train
RESIDENTIALvilla_mesh3333,train
RESIDENTIALvilla_mesh3334,train
RESIDENTIALvilla_mesh3339,train
RESIDENTIALvilla_mesh3359,train
RESIDENTIALvilla_mesh3381,train
RESIDENTIALvilla_mesh3422,train
RESIDENTIALvilla_mesh3445,train
RESIDENTIALvilla_mesh3471,train
RESIDENTIALvilla_mesh3487,train
RESIDENTIALvilla_mesh3488,train
RESIDENTIALvilla_mesh3515,train
RESIDENTIALvilla_mesh3520,train
RESIDENTIALvilla_mesh3523,train
RESIDENTIALvilla_mesh3525,train
RESIDENTIALvilla_mesh3541,train
RESIDENTIALvilla_mesh3556,train
RESIDENTIALvilla_mesh3564,train
RESIDENTIALvilla_mesh3665,train
RESIDENTIALvilla_mesh3669,train
RESIDENTIALvilla_mesh3696,train
RESIDENTIALvilla_mesh3704,train
RESIDENTIALvilla_mesh3705,train
RESIDENTIALvilla_mesh3736,train
RESIDENTIALvilla_mesh3737,train
RESIDENTIALvilla_mesh3748,train
RESIDENTIALvilla_mesh3755,train
RESIDENTIALvilla_mesh3796,train
RESIDENTIALvilla_mesh3812,train
RESIDENTIALvilla_mesh3843,train
RESIDENTIALvilla_mesh3861,train
RESIDENTIALvilla_mesh3876,train
RESIDENTIALvilla_mesh3888,train
RESIDENTIALvilla_mesh3938,train
RESIDENTIALvilla_mesh3942,train
RESIDENTIALvilla_mesh4019,train
RESIDENTIALvilla_mesh4050,train
RESIDENTIALvilla_mesh4062,train
RESIDENTIALvilla_mesh4063,train
RESIDENTIALvilla_mesh4069,train
RESIDENTIALvilla_mesh4070,train
RESIDENTIALvilla_mesh4074,train
RESIDENTIALvilla_mesh4092,train
RESIDENTIALvilla_mesh4095,train
RESIDENTIALvilla_mesh4137,train
RESIDENTIALvilla_mesh4156,train
RESIDENTIALvilla_mesh4160,train
RESIDENTIALvilla_mesh4215,train
RESIDENTIALvilla_mesh4220,train
RESIDENTIALvilla_mesh4232,train
RESIDENTIALvilla_mesh4241,train
RESIDENTIALvilla_mesh4262,train
RESIDENTIALvilla_mesh4272,train
RESIDENTIALvilla_mesh4287,train
RESIDENTIALvilla_mesh4304,train
RESIDENTIALvilla_mesh4310,train
RESIDENTIALvilla_mesh4317,train
RESIDENTIALvilla_mesh4363,train
RESIDENTIALvilla_mesh4384,train
RESIDENTIALvilla_mesh4401,train
RESIDENTIALvilla_mesh4450,train
RESIDENTIALvilla_mesh4490,train
RESIDENTIALvilla_mesh4492,train
RESIDENTIALvilla_mesh4493,train
RESIDENTIALvilla_mesh4517,train
RESIDENTIALvilla_mesh4523,train
RESIDENTIALvilla_mesh4538,train
RESIDENTIALvilla_mesh4546,train
RESIDENTIALvilla_mesh4564,train
RESIDENTIALvilla_mesh4574,train
RESIDENTIALvilla_mesh4619,train
RESIDENTIALvilla_mesh4662,train
RESIDENTIALvilla_mesh4663,train
RESIDENTIALvilla_mesh4686,train
RESIDENTIALvilla_mesh4695,train
RESIDENTIALvilla_mesh4731,train
RESIDENTIALvilla_mesh4766,train
RESIDENTIALvilla_mesh4796,train
RESIDENTIALvilla_mesh4798,train
RESIDENTIALvilla_mesh4829,train
RESIDENTIALvilla_mesh4855,train
RESIDENTIALvilla_mesh4858,train
RESIDENTIALvilla_mesh4860,train
RESIDENTIALvilla_mesh4868,train
RESIDENTIALvilla_mesh4878,train
RESIDENTIALvilla_mesh4881,train
RESIDENTIALvilla_mesh4921,train
RESIDENTIALvilla_mesh4942,train
RESIDENTIALvilla_mesh4947,train
RESIDENTIALvilla_mesh4954,train
RESIDENTIALvilla_mesh4964,train
RESIDENTIALvilla_mesh5010,train
RESIDENTIALvilla_mesh5029,train
RESIDENTIALvilla_mesh5078,train
RESIDENTIALvilla_mesh5089,train
RESIDENTIALvilla_mesh5104,train
RESIDENTIALvilla_mesh5116,train
RESIDENTIALvilla_mesh5160,train
RESIDENTIALvilla_mesh5174,train
RESIDENTIALvilla_mesh5212,train
RESIDENTIALvilla_mesh5236,train
RESIDENTIALvilla_mesh5258,train
RESIDENTIALvilla_mesh5266,train
RESIDENTIALvilla_mesh5272,train
RESIDENTIALvilla_mesh5284,train
RESIDENTIALvilla_mesh5326,train
RESIDENTIALvilla_mesh5358,train
RESIDENTIALvilla_mesh5379,train
RESIDENTIALvilla_mesh5395,train
RESIDENTIALvilla_mesh5407,train
RESIDENTIALvilla_mesh5410,train
RESIDENTIALvilla_mesh5434,train
RESIDENTIALvilla_mesh5436,train
RESIDENTIALvilla_mesh5439,train
RESIDENTIALvilla_mesh5454,train
RESIDENTIALvilla_mesh5458,train
RESIDENTIALvilla_mesh5507,train
RESIDENTIALvilla_mesh5519,train
RESIDENTIALvilla_mesh5522,train
RESIDENTIALvilla_mesh5589,train
RESIDENTIALvilla_mesh5609,train
RESIDENTIALvilla_mesh5626,train
RESIDENTIALvilla_mesh5629,train
RESIDENTIALvilla_mesh5633,train
RESIDENTIALvilla_mesh5673,train
RESIDENTIALvilla_mesh5715,train
RESIDENTIALvilla_mesh5739,train
RESIDENTIALvilla_mesh5768,train
RESIDENTIALvilla_mesh5782,train
RESIDENTIALvilla_mesh5788,train
RESIDENTIALvilla_mesh5803,train
RESIDENTIALvilla_mesh5819,train
RESIDENTIALvilla_mesh5826,train
RESIDENTIALvilla_mesh5855,train
RESIDENTIALvilla_mesh5915,train
RESIDENTIALvilla_mesh5927,train
RESIDENTIALvilla_mesh5986,train
RESIDENTIALvilla_mesh6029,train
RESIDENTIALvilla_mesh6047,train
RESIDENTIALvilla_mesh6062,train
RESIDENTIALvilla_mesh6099,train
RESIDENTIALvilla_mesh6181,train
RESIDENTIALvilla_mesh6329,train
RESIDENTIALvilla_mesh6335,train
RESIDENTIALvilla_mesh6357,train
RESIDENTIALvilla_mesh6359,test